 Royal Canin BabyCat Instinctive Húmedo 195 gr para gatitos. 12 Unidades.,25.02 €,https://www.petsonic.com/23025-large_default/comida-lata-para-gatos-royal-canin-babycat-instinctive-humedo-195-gr.jpg
 Royal Canin Veterinary Diets Recovery 195 gr Húmedo 12 Unidades.,27.80 €,https://www.petsonic.com/24067-large_default/comida-lata-para-gatos-royal-canin-veterinary-diets-recovery-195-gr-humedo.jpg
 Royal Canin Veterinary Diets Feline Urinary S/O Húmedo 85 gr. 12 Unidades.,14.97 €,https://www.petsonic.com/20409-large_default/comida-lata-para-gatos-royal-canin-veterinary-diets-feline-urinary-s-humedo-100-gr.jpg
 Royal Canin Veterinary Diets Feline Urinary S/O Moderate Calories Húmedo 85 gr. 12 unidades 85 gr,17.92 €,https://www.petsonic.com/20407-large_default/comida-lata-para-gatos-royal-canin-veterinary-diets-feline-urinary-s-moderate-calories-humedo-100-gr.jpg
 Royal Canin Veterinary Diets Feline Gastro Intestinal Moderate Calories Húmedo 85 gr. 12 unidades 85 gr,16.21 €,https://www.petsonic.com/24029-large_default/comida-lata-para-gatos-royal-canin-veterinary-diets-feline-gastro-intestinal-moderate-calories-humedo-100-gr.jpg
 Royal Canin Veterinary Diets Feline Gastro Intestinal Húmedo 85 gr. 12 Unidades.,15.80 €,https://www.petsonic.com/24027-large_default/comida-lata-para-gatos-royal-canin-veterinary-diets-feline-gastro-intestinal-humedo-100-gr.jpg
 Royal Canin Veterinary Diets Feline Renal (con Atún) Pouch 85gr. 12 Unidades.,15.09 €,https://www.petsonic.com/16535-large_default/comida-lata-para-gatos-royal-canin-veterinary-diets-feline-renal-atun-pouch-85gr.jpg
 Royal Canin Ageing +12 Pouch 85gr. Comida húmeda. 1 Unidad.,13.90 €,https://www.petsonic.com/23581-large_default/comida-lata-para-gatos-royal-canin-ageing-12-pouch-85gr.jpg
 Royal Canin Instinctive Pouch +7 85gr. Alimento húmedo para gato adulto 12 Unidades.,13.90 €,https://www.petsonic.com/23599-large_default/comida-lata-para-gatos-royal-canin-instinctive-pouch-7-85gr.jpg
 Royal Canin Ultra Light Pouch 85gr. Comida húmeda 12 Unidades.,13.96 €,https://www.petsonic.com/23544-large_default/comida-lata-para-gatos-royal-canin-ultra-light-pouch-85gr.jpg
 Royal Canin Sterilised Pouch 85gr. Comida húmeda gatos esterilizados 12 Unidades.,13.90 €,https://www.petsonic.com/23607-large_default/comida-lata-para-gatos-royal-canin-sterilised-pouch-85gr.jpg
 Royal Canin Instinctive (Jelly)Pouch 85gr. Alimento húmedo para gato adulto 12 Unidades.,13.86 €,https://www.petsonic.com/23041-large_default/comida-lata-para-gatos-royal-canin-instinctive-jelly-pouch-85gr.jpg
 Royal Canin Instinctive in Gravy Pouch 85gr. Comida húmeda para gato adulto 12 unidades 85 gr,13.90 €,https://www.petsonic.com/23626-large_default/comida-lata-para-gatos-royal-canin-instinctive-in-gravy-pouch-85gr.jpg
 Royal Canin Kitten Instinctive Pouch 85gr. Comida húmeda gatitos 12 Unidades.,13.90 €,https://www.petsonic.com/23645-large_default/comida-lata-para-gatos-royal-canin-kitten-instinctive-pouch-85gr.jpg
 Royal Canin Veterinary Diets Renal Húmedo (con pollo) 85 gr 12 Unidades.,15.09 €,https://www.petsonic.com/16932-large_default/comida-lata-para-gatos-royal-canin-veterinary-diets-renal-humedo-pollo-85-gr.jpg
 Royal Canin Kitten Instinctive Pouch ( Jelly ) 85gr. Comida húmeda gatitos. 1 Pack de 12 unidades de 85 gr,12.96 €,https://www.petsonic.com/23553-large_default/comida-lata-para-gatos-royal-canin-kitten-instinctive-pouch-jelly-85gr.jpg
 Royal Canin Ultra Light Pouch ( Jelly ) 85 gr 12 Unidades.,13.96 €,https://www.petsonic.com/13525-large_default/comida-lata-para-gatos-royal-canin-ultra-light-pouch-jelly-85-gr.jpg
 Royal Canin Intense Beauty Pouch ( Jelly ) 85 gr. Comida húmeda. 12 unidades 85 gr,13.90 €,https://www.petsonic.com/23527-large_default/comida-lata-para-gatos-royal-canin-intense-beauty-pouch-jelly-85-gr.jpg
 Royal Canin Veterinary Diets Vet Care Pediatric Weaning Humide 195 gr 12 Unidades.,25.27 €,https://www.petsonic.com/9542-large_default/comida-lata-para-gatos-royal-canin-veterinary-diets-vet-care-pediatric-weaning-humide-195-gr.jpg
 Royal Canin Veterinary Diets Convalescense Support Húmedo 50 gr 10 Unidades.,31.61 €,https://www.petsonic.com/16980-large_default/convalescense-support-humedo-50-gr.jpg
 Royal Canin Sterilised Pouch (in loaf) 85 gr. Comida húmeda gatos esterilizados 12 Unidades.,13.90 €,https://www.petsonic.com/23455-large_default/sterilised-pouch-in-loaf-85-gr.jpg
 Royal Canin Instinctive Pouch (in loaf) 85 gr. Comida húmeda gato adulto 1 x 12 sobres 85gr,13.90 €,https://www.petsonic.com/23463-large_default/instinctive-pouch-in-loaf-85-gr.jpg
 Royal Canin Maine Coon Pouch. Comida húmeda raza 12 unidades 85 gr,13.26 €,https://www.petsonic.com/23471-large_default/maine-coon-pouch-85-gr.jpg
 Royal Canin Hairball Care Comida Húmeda 85 gr. 12 Unidades.,13.90 €,https://www.petsonic.com/23486-large_default/comida-lata-para-gatos-royal-canin-hairball-care-humedo-85-gr.jpg
 Royal Canin Veterinary Diets Vet Care Senior Consult Stage 1 Húmedo 100 gr 12 Unidades.,14.28 €,https://www.petsonic.com/9543-large_default/comida-lata-para-gatos-royal-canin-veterinary-diets-vet-care-senior-consult-stage-1-humedo-100-gr.jpg
 Royal Canin BabyCat Instinctive Húmedo 195 gr para gatitos. 12 Unidades.,25.02 €,https://www.petsonic.com/23025-large_default/comida-lata-para-gatos-royal-canin-babycat-instinctive-humedo-195-gr.jpg
 Royal Canin Veterinary Diets Recovery 195 gr Húmedo 12 Unidades.,27.80 €,https://www.petsonic.com/24067-large_default/comida-lata-para-gatos-royal-canin-veterinary-diets-recovery-195-gr-humedo.jpg
 Royal Canin Veterinary Diets Feline Urinary S/O Húmedo 85 gr. 12 Unidades.,14.97 €,https://www.petsonic.com/20409-large_default/comida-lata-para-gatos-royal-canin-veterinary-diets-feline-urinary-s-humedo-100-gr.jpg
 Royal Canin Veterinary Diets Feline Urinary S/O Moderate Calories Húmedo 85 gr. 12 unidades 85 gr,17.92 €,https://www.petsonic.com/20407-large_default/comida-lata-para-gatos-royal-canin-veterinary-diets-feline-urinary-s-moderate-calories-humedo-100-gr.jpg
 Royal Canin Veterinary Diets Feline Gastro Intestinal Moderate Calories Húmedo 85 gr. 12 unidades 85 gr,16.21 €,https://www.petsonic.com/24029-large_default/comida-lata-para-gatos-royal-canin-veterinary-diets-feline-gastro-intestinal-moderate-calories-humedo-100-gr.jpg
 Royal Canin Veterinary Diets Feline Gastro Intestinal Húmedo 85 gr. 12 Unidades.,15.80 €,https://www.petsonic.com/24027-large_default/comida-lata-para-gatos-royal-canin-veterinary-diets-feline-gastro-intestinal-humedo-100-gr.jpg
 Royal Canin Veterinary Diets Feline Renal (con Atún) Pouch 85gr. 12 Unidades.,15.09 €,https://www.petsonic.com/16535-large_default/comida-lata-para-gatos-royal-canin-veterinary-diets-feline-renal-atun-pouch-85gr.jpg
 Royal Canin Ageing +12 Pouch 85gr. Comida húmeda. 1 Unidad.,13.90 €,https://www.petsonic.com/23581-large_default/comida-lata-para-gatos-royal-canin-ageing-12-pouch-85gr.jpg
 Royal Canin Instinctive Pouch +7 85gr. Alimento húmedo para gato adulto 12 Unidades.,13.90 €,https://www.petsonic.com/23599-large_default/comida-lata-para-gatos-royal-canin-instinctive-pouch-7-85gr.jpg
 Royal Canin Ultra Light Pouch 85gr. Comida húmeda 12 Unidades.,13.96 €,https://www.petsonic.com/23544-large_default/comida-lata-para-gatos-royal-canin-ultra-light-pouch-85gr.jpg
 Royal Canin Sterilised Pouch 85gr. Comida húmeda gatos esterilizados 12 Unidades.,13.90 €,https://www.petsonic.com/23607-large_default/comida-lata-para-gatos-royal-canin-sterilised-pouch-85gr.jpg
 Royal Canin Instinctive (Jelly)Pouch 85gr. Alimento húmedo para gato adulto 12 Unidades.,13.86 €,https://www.petsonic.com/23041-large_default/comida-lata-para-gatos-royal-canin-instinctive-jelly-pouch-85gr.jpg
 Royal Canin Instinctive in Gravy Pouch 85gr. Comida húmeda para gato adulto 12 unidades 85 gr,13.90 €,https://www.petsonic.com/23626-large_default/comida-lata-para-gatos-royal-canin-instinctive-in-gravy-pouch-85gr.jpg
 Royal Canin Kitten Instinctive Pouch 85gr. Comida húmeda gatitos 12 Unidades.,13.90 €,https://www.petsonic.com/23645-large_default/comida-lata-para-gatos-royal-canin-kitten-instinctive-pouch-85gr.jpg
 Royal Canin Veterinary Diets Renal Húmedo (con pollo) 85 gr 12 Unidades.,15.09 €,https://www.petsonic.com/16932-large_default/comida-lata-para-gatos-royal-canin-veterinary-diets-renal-humedo-pollo-85-gr.jpg
 Royal Canin Kitten Instinctive Pouch ( Jelly ) 85gr. Comida húmeda gatitos. 1 Pack de 12 unidades de 85 gr,12.96 €,https://www.petsonic.com/23553-large_default/comida-lata-para-gatos-royal-canin-kitten-instinctive-pouch-jelly-85gr.jpg
 Royal Canin Ultra Light Pouch ( Jelly ) 85 gr 12 Unidades.,13.96 €,https://www.petsonic.com/13525-large_default/comida-lata-para-gatos-royal-canin-ultra-light-pouch-jelly-85-gr.jpg
 Royal Canin Intense Beauty Pouch ( Jelly ) 85 gr. Comida húmeda. 12 unidades 85 gr,13.90 €,https://www.petsonic.com/23527-large_default/comida-lata-para-gatos-royal-canin-intense-beauty-pouch-jelly-85-gr.jpg
 Royal Canin Veterinary Diets Vet Care Pediatric Weaning Humide 195 gr 12 Unidades.,25.27 €,https://www.petsonic.com/9542-large_default/comida-lata-para-gatos-royal-canin-veterinary-diets-vet-care-pediatric-weaning-humide-195-gr.jpg
 Royal Canin Veterinary Diets Convalescense Support Húmedo 50 gr 10 Unidades.,31.61 €,https://www.petsonic.com/16980-large_default/convalescense-support-humedo-50-gr.jpg
 Royal Canin Sterilised Pouch (in loaf) 85 gr. Comida húmeda gatos esterilizados 12 Unidades.,13.90 €,https://www.petsonic.com/23455-large_default/sterilised-pouch-in-loaf-85-gr.jpg
 Royal Canin Instinctive Pouch (in loaf) 85 gr. Comida húmeda gato adulto 1 x 12 sobres 85gr,13.90 €,https://www.petsonic.com/23463-large_default/instinctive-pouch-in-loaf-85-gr.jpg
 Royal Canin Maine Coon Pouch. Comida húmeda raza 12 unidades 85 gr,13.26 €,https://www.petsonic.com/23471-large_default/maine-coon-pouch-85-gr.jpg
 Royal Canin Hairball Care Comida Húmeda 85 gr. 12 Unidades.,13.90 €,https://www.petsonic.com/23486-large_default/comida-lata-para-gatos-royal-canin-hairball-care-humedo-85-gr.jpg
 Royal Canin Veterinary Diets Vet Care Senior Consult Stage 1 Húmedo 100 gr 12 Unidades.,14.28 €,https://www.petsonic.com/9543-large_default/comida-lata-para-gatos-royal-canin-veterinary-diets-vet-care-senior-consult-stage-1-humedo-100-gr.jpg
 Royal Canin Veterinary Diets Vet Care Skin & Coat Húmedo 100 gr 12 unidades 85 gr,14.41 €,https://www.petsonic.com/9545-large_default/comida-lata-para-gatos-royal-canin-veterinary-diets-vet-care-skin-coat-humedo-100-gr.jpg
 Royal Canin Veterinary Diets Feline Diabetic Húmedo 85gr 12 Unidades.,15.90 €,https://www.petsonic.com/24046-large_default/comida-lata-para-gatos-royal-canin-veterinary-diets-feline-diabetic-humedo-100gr.jpg
 Royal Canin Instinctive +7 Pouch ( Jelly ) 85 gr. Comida húmeda gato adulto 12 Unidades.,12.89 €,https://www.petsonic.com/23050-large_default/comida-lata-para-gatos-royal-canin-instinctive-7-pouch-jelly-85-gr.jpg
 Royal Canin Urinary Care Pouch 85 gr. Comida húmeda 12 unidades 85 gr,13.90 €,https://www.petsonic.com/23495-large_default/comida-lata-para-gatos-royal-canin-urinary-care-pouch-85-gr.jpg
 Royal Canin Ageing +12 Pouch ( Jelly) 85 gr. Comida húmeda. 12 Unidades.,13.90 €,https://www.petsonic.com/23519-large_default/comida-lata-para-gatos-royal-canin-aeging-12-pouch-jelly-85-gr.jpg
 Royal Canin Babycat milk Leche para Gatitos 300 Gr.,16.72 €,https://www.petsonic.com/23161-large_default/comida-lata-para-gatos-royal-canin-leche-para-gatitos.jpg
 Gourmet Gold Tartalette de Pollo y Zanahoria 24 unidades de 85 gr,12.99 €,https://www.petsonic.com/18869-large_default/comida-lata-para-gatos-gourmet-gold-tartalette-pollo-zanahoria.jpg
 Gourmet Gold Tartallette de Buey y Tomate 24 unidades de 85 gr,12.99 €,https://www.petsonic.com/18870-large_default/comida-lata-para-gatos-gourmet-gold-tartallette-buey-tomate.jpg
 Gourmet Gold Terrine con Pollo 24 unidades de 85 gr,12.99 €,https://www.petsonic.com/18875-large_default/comida-lata-para-gatos-gourmet-gold-terrine-pollo.jpg
 Gourmet Gold Terrina con Conejo 24 unidades de 85 gr,12.99 €,https://www.petsonic.com/18874-large_default/comida-lata-para-gatos-gourmet-gold-terrina-conejo.jpg
 Gourmet Gold Terrine con Salmón 24 unidades de 85 gr,12.99 €,https://www.petsonic.com/18876-large_default/comida-lata-para-gatos-gourmet-gold-terrine-salmon.jpg
 Gourmet Gold Doble Placer Pescado del Océano y Espinacas 24 unidades de 85 gr,23.75 €,https://www.petsonic.com/18879-large_default/comida-lata-para-gatos-gourmet-gold-doble-placer-pescado-oceano-espinacas.jpg
 Gourmet Gold Guiso a la Cazuela Pescado del Océano y Espinacas 24 unidades de 85 gr,12.99 €,https://www.petsonic.com/18880-large_default/comida-lata-para-gatos-gourmet-gold-guiso-cazuela-pescado-oceano-espinacas.jpg
 Gourmet Gold Mousse con pescado del Océano 24 unidades de 85 gr,12.99 €,https://www.petsonic.com/18883-large_default/comida-lata-para-gatos-gourmet-gold-mousse-pescado-oceano.jpg
 Gourmet Gold Mousse con buey 24 unidades de 85 gr,14.85 €,https://www.petsonic.com/18882-large_default/nourriture-boite-pour-chats-gourmet-gold-mousse-boeuf-85-gr.jpg
 Gourmet Gold Mousse con Pollo 24 unidades de 85 gr,12.99 €,https://www.petsonic.com/18884-large_default/comida-lata-para-gatos-gourmet-gold-mousse-pollo.jpg
 Gourmet Gold Mousse salmón 24 unidades de 85 gr,14.85 €,https://www.petsonic.com/18885-large_default/comida-lata-para-gatos-gourmet-gold-mousse-salmon.jpg
 Gourmet Gold Mousse Pato y Espinacas 24 unidades de 85 gr,12.99 €,https://www.petsonic.com/18886-large_default/comida-lata-para-gatos-gourmet-gold-mousse-pato-espinacas.jpg
 Gourmet Gold Foundant Fondant Atún 24 unidades de 85 gr,12.99 €,https://www.petsonic.com/18896-large_default/comida-lata-para-gatos-gourmet-gold-foundant-fondant-atun.jpg
 Gourmet Gold Foundant Fondant Pollo 24 unidades de 85 gr,12.99 €,https://www.petsonic.com/18897-large_default/comida-lata-para-gatos-gourmet-gold-foundant-fondant-pollo.jpg
 Gourmet Diamant Finas Lonchas con Buey 24 unidades de 85 gr,22.99 €,https://www.petsonic.com/18916-large_default/comida-lata-para-gatos-gourmet-diamant-finas-lonchas-buey.jpg
 Gourmet Diamant Láminas de Atún en Gelatina con Gambas 24 unidades de 85 gr,22.99 €,https://www.petsonic.com/18917-large_default/comida-lata-para-gatos-gourmet-diamant-laminas-atun-gelatina-gambas.jpg
 Gourmet Gold Pack Mousse Surtido Variado para Gato 24 unidades de 85 gr,12.99 €,https://www.petsonic.com/18895-large_default/pack-mousse-surtido-variado.jpg
 Gourmet Gold Pack Tartalette Surtido Variado 12 unidades 85 gr,5.69 €,https://www.petsonic.com/18894-large_default/pack-tartalette-surtido-variado.jpg
 Gourmet Gold Pack Bocaditos en Salsa Surtidos Caja 12 unidades 85 gr,5.99 €,https://www.petsonic.com/18892-large_default/comida-lata-para-gatos-gourmet-gold-pack-bocaditos-salsa-surtidos.jpg
 Gourmet Gold Pack Bocaditos en Salsa Salmón y Pollo Caja 8 unidades de 85 gr,5.50 €,https://www.petsonic.com/18889-large_default/comida-lata-para-gatos-gourmet-gold-pack-bocaditos-salsa-salmon-pollo.jpg
 Gourmet Gold Pack Mousse Pescado de Oceano Caja 8 unidades de 85 gr,4.19 €,https://www.petsonic.com/18887-large_default/comida-lata-para-gatos-gourmet-gold-pack-mousse-pescado-oceano.jpg
 Gourmet Gold Pack Mousse Pescado de Oceano Caja 12 unidades 85 gr,5.99 €,https://www.petsonic.com/18887-large_default/comida-lata-para-gatos-gourmet-gold-pack-mousse-pescado-oceano.jpg
 Gourmet Gold Pack Terrine Sabores Surtidos Caja 8 unidades de 85 gr,4.19 €,https://www.petsonic.com/18891-large_default/comida-lata-para-gatos-gourmet-gold-pack-terrine-sabores-surtidos.jpg
 Gourmet Gold Pack Tartallete Surtido de Carnes y Verduras Caja 8 unidades de 85 gr,4.19 €,https://www.petsonic.com/18893-large_default/comida-lata-para-gatos-gourmet-gold-pack-tartallete-surtido-carnes-verduras.jpg
 Gourmet Mon Petit Pack de Pescados Pack 6 sobres de 50 gr,2.49 €,https://www.petsonic.com/18912-large_default/comida-lata-para-gatos-gourmet-mon-petit-pack-pescados.jpg
 Gourmet Mon Petit Pack Selección de Aves Pack 6 sobres de 50 gr,2.49 €,https://www.petsonic.com/18914-large_default/comida-lata-para-gatos-gourmet-mon-petit-pack-seleccion-aves.jpg
 Gourmet Mon Petit Pack Selección de Pescados Pack 6 sobres de 50 gr,2.49 €,https://www.petsonic.com/18913-large_default/comida-lata-para-gatos-gourmet-mon-petit-pack-seleccion-pescados.jpg
 Gourmet Mon Petit Pack de Carnes Pack 6 sobres de 50 gr,2.49 €,https://www.petsonic.com/18909-large_default/comida-lata-para-gatos-gourmet-mon-petit-pack-carnes.jpg
 Purina Veterinary Diets CN lata 195gr para Gato 24 Unidades.,43.19 €,https://www.petsonic.com/16679-large_default/comida-lata-para-gatos-purina-veterinary-diets-cn-lata-195gr.jpg
 Purina Veterinary Diets DM lata 195gr para Gato 24 unidades de 195 gr,43.57 €,https://www.petsonic.com/16680-large_default/comida-lata-para-gatos-purina-veterinary-diets-dm-lata-195gr.jpg
 Purina Veterinary Diets EN lata 195gr para Gato 24 unidades de 195 gr,38.69 €,https://www.petsonic.com/16681-large_default/comida-lata-para-gatos-purina-veterinary-diets-lata-195gr.jpg
 Purina Veterinary Diets NF lata 195gr para Gato 24 unidades de 195 gr,43.57 €,https://www.petsonic.com/16682-large_default/comida-lata-para-gatos-purina-veterinary-diets-nf-lata-195gr.jpg
 Purina Veterinary Diets UR lata 195gr para Gato 24 unidades de 195 gr,43.16 €,https://www.petsonic.com/16683-large_default/comida-lata-para-gatos-purina-veterinary-diets-ur-lata-195gr.jpg
 Hills SP Feline Kitten Mousse (Lata) 24 unidades de 85 gr,26.84 €,https://www.petsonic.com/24093-large_default/comida-lata-para-gatos-hills-sp-feline-kitten-mousse-lata.jpg
 Hills SP Feline Kitten con Pavo (Sobre) 12 unidades 85 gr,13.86 €,https://www.petsonic.com/18820-large_default/comida-lata-para-gatos-hills-sp-feline-kitten-pavo-sobre.jpg
 Hills SP Feline Kitten con Pescado Azul (Sobre) 12 Unidades de 75 gr,14.41 €,https://www.petsonic.com/18819-large_default/comida-lata-para-gatos-hills-sp-feline-kitten-pescado-azul-sobre.jpg
 Hills SP Feline Adult con Pavo (Sobre) 12 unidades 85 gr,13.86 €,https://www.petsonic.com/18822-large_default/comida-lata-para-gatos-hills-sp-feline-adult-pavo-sobre.jpg
 Hills SP Feline Adult con Pollo (Sobre) 12 unidades 85 gr,14.41 €,https://www.petsonic.com/18824-large_default/comida-lata-para-gatos-hills-sp-feline-adult-pollo-sobre.jpg
 Hills SP Feline Adult con Ternera (Pouch) 12 unidades 85 gr,14.41 €,https://www.petsonic.com/18825-large_default/comida-lata-para-gatos-hills-sp-feline-adult-ternera-pouch.jpg
 Hills SP Feline Adult Pescado Azul (Sobre) 12 unidades 85 gr,14.79 €,https://www.petsonic.com/18823-large_default/comida-lata-para-gatos-hills-sp-feline-adult-pescado-azul-sobre.jpg
 Hills SP Feline Young Sterilised con Pollo (Sobre) 1 x 12 sobres 85gr,13.86 €,https://www.petsonic.com/18826-large_default/comida-lata-para-gatos-hills-sp-feline-young-sterilised-pollo-sobre.jpg
 Hills SP Feline Young Sterilised con Salmón (Sobre) 12 unidades 85 gr,13.86 €,https://www.petsonic.com/18827-large_default/comida-lata-para-gatos-hills-sp-feline-young-sterilised-salmon-sobre.jpg
 Hills SP Feline Adult Perfect Weight (Pouch) 1 Pack de 12 unidades de 85 gr,14.37 €,https://www.petsonic.com/14905-large_default/comida-lata-para-gatos-hills-sp-feline-adult-perfect-weight-lata.jpg
 Hills Prescription Diet Lata PD Canine/Feline a/d. 156 gr. Húmedo. 24 Unidades.,54.59 €,https://www.petsonic.com/14999-large_default/comida-lata-para-gatos-hill-s-prescription-diet-pd-canine-feline-d-156-gr-humedo.jpg
 Hills Prescription Diet PD Feline c/d. Sobre 85 gr. 12 unidades 85 gr,17.77 €,https://www.petsonic.com/18175-large_default/comida-lata-para-gatos-hill-s-prescription-diet-pd-feline-c-d-sobre-85-gr.jpg
 Hills Prescription Diet PD Feline c/d. 156 gr. Húmedo. 1 x 24 latas 156 gr,52.35 €,https://www.petsonic.com/17414-large_default/comida-lata-para-gatos-hill-s-prescription-diet-pd-feline-c-d-156-gr-humedo.jpg
 Hills Prescription Diet PD Feline c/d Urinary Stress. Sobre 85 gr. 1 x 12 sobres 85gr,17.77 €,https://www.petsonic.com/17358-large_default/comida-lata-para-gatos-hill-s-prescription-diet-pd-feline-c-d-urinary-stress-sobre-85-gr.jpg
 Hills Prescription Diet PD Feline c/d Urinary Stress Reduced Calorie. Sobre 85gr. 12 Unidades.,15.29 €,https://www.petsonic.com/17356-large_default/comida-lata-para-gatos-hill-s-prescription-diet-pd-feline-c-d-urinary-stress-reduced-calorie-sobre-85gr.jpg
 Hills Prescription Diet PD Feline k/d 156 gr. Húmedo. 1 x 24 latas 156 gr,52.35 €,https://www.petsonic.com/17415-large_default/comida-lata-para-gatos-hill-s-prescription-diet-pd-feline-k-d-156-gr-humedo.jpg
 Hills Prescription Diet PD Feline k/d con Pollo. Sobre 85 gr. 12 unidades 85 gr,17.77 €,https://www.petsonic.com/17337-large_default/comida-lata-para-gatos-hill-s-prescription-diet-pd-feline-k-d-pollo-sobre-85-gr.jpg
 Hills Prescription Diet PD Feline k/d con Salmón. Sobre 85gr. 1 x 12 sobres 85gr,17.77 €,https://www.petsonic.com/15134-large_default/comida-lata-para-gatos-hill-s-prescription-diet-pd-feline-k-d-salmon-sobre-85gr.jpg
 Hills Prescription Diet PD Feline k/d + Mobility 85 Gr Húmedo 1 Pack de 12 unidades de 85 gr,17.77 €,https://www.petsonic.com/17330-large_default/comida-lata-para-gatos-hill-s-prescription-diet-pd-feline-k-d-mobility-85-gr-humedo.jpg
 Hills Prescription Diet PD Feline Metabolic.156 gr. Húmedo. 1 x 24 latas 156 gr,52.35 €,https://www.petsonic.com/17354-large_default/comida-lata-para-gatos-hill-s-prescription-diet-pd-feline-metabolic-156-gr-humedo.jpg
 Hills Prescription Diet PD Feline Metabolic 85 Gr Húmedo. 1 x 12 sobres 85gr,17.77 €,https://www.petsonic.com/17362-large_default/comida-lata-para-gatos-hill-s-prescription-diet-pd-feline-metabolic-85-gr-humedo.jpg
 Hills Prescription Diet PD Feline Metabolic+ Urinary. Sobre 85 gr. 1 Pack de 12 unidades de 85 gr,17.34 €,https://www.petsonic.com/16688-large_default/comida-lata-para-gatos-hill-s-prescription-diet-pd-feline-metabolic-urinary-sobre-85-gr.jpg
 Hills Prescription Diet PD Feline Metabolic + Urinary Stress 85 Gr Húmedo. 1 x 12 sobres 85gr,19.04 €,https://www.petsonic.com/17294-large_default/comida-lata-para-gatos-hill-s-prescription-diet-pd-feline-metabolic-urinary-stress-85-gr-humedo.jpg
 Hills Prescription Diet PD Feline i/d. 85 gr.Húmedo. 1 x 24 latas 85 gr,35.99 €,https://www.petsonic.com/9288-large_default/comida-lata-para-gatos-hill-s-prescription-diet-pd-feline-d-85-gr-humedo.jpg
 Hills Prescription Diet PD Feline i/d .156 gr.Húmedo. 1 x 24 latas 156 gr,52.35 €,https://www.petsonic.com/17378-large_default/comida-lata-para-gatos-hill-s-prescription-diet-pd-feline-d-156-gr-humedo.jpg
 Hills Prescription Diet PD Feline i/d. Sobre 85 gr. 1 x 12 sobres 85gr,17.77 €,https://www.petsonic.com/17339-large_default/comida-lata-para-gatos-hill-s-prescription-diet-pd-feline-d-sobre-85-gr.jpg
 Hills Prescription Diet PD Feline r/d.156 gr.Húmedo. 1 x 24 latas 156 gr,52.35 €,https://www.petsonic.com/17416-large_default/comida-lata-para-gatos-hill-s-prescription-diet-pd-feline-r-d-156-gr-humedo.jpg
 Hills Prescription Diet PD Feline s/d.156 gr. Húmedo. 1 x 24 latas 156 gr,52.35 €,https://www.petsonic.com/17372-large_default/comida-lata-para-gatos-hill-s-prescription-diet-pd-feline-s-d-156-gr-humedo.jpg
 Hills Prescription Diet PD Feline y/d.156 gr. Húmedo. 1 x 24 latas 156 gr,52.35 €,https://www.petsonic.com/17340-large_default/comida-lata-para-gatos-hill-s-prescription-diet-pd-feline-yd-156-gr-humedo.jpg
 Hills Prescription Diet PD Feline z/d.156 gr Húmedo. 1 x 24 latas 156 gr,52.35 €,https://www.petsonic.com/17384-large_default/comida-lata-para-gatos-hill-s-prescription-diet-pd-feline-z-d-156-gr-humedo.jpg
 Iams Naturaly Gato Adulto Bacalao (Gravy) 85gr 24 unidades de 85 gr,18.53 €,https://www.petsonic.com/11525-large_default/comida-en-lata-para-gatos-iams-naturally-adulto-bacalao-gravy-85-gr.jpg
 Iams Naturaly Multipack Land & Sea para Gato 12 unidades 85 gr,5.55 €,https://www.petsonic.com/11543-large_default/comida-en-lata-para-gato-iams-naturally-multipack-land-sea-para-gato.jpg
 Gourmet Cristal Atún con Gambas y Atún con Anchoas Caja 4 unidades de 40gr,2.99 €,https://www.petsonic.com/11745-large_default/comida-lata-para-gatos-gourmet-cristal-atun-gambas-atun-anchoas.jpg
 Gourmet Cristal Pollo y Pollo con Verduras Caja 4 unidades de 40gr,2.99 €,https://www.petsonic.com/11746-large_default/comida-lata-para-gatos-gourmet-cristal-pollo-pollo-verduras.jpg
 Gourmet Cristal Atún con Gambas y Salmón con Verduras Caja 4 unidades de 40gr,2.99 €,https://www.petsonic.com/11747-large_default/comida-lata-para-gatos-gourmet-cristal-atun-gambas-salmon-verduras.jpg
 Alpha Spirit Feline Adult Pavo 85 Gr Húmedo 85 Gr.,1.13 €,https://www.petsonic.com/15074-large_default/feline-adult-pavo-85-gr-humedo.jpg
 Alpha Spirit Feline Adult Salmón 85 Gr Húmedo 85 Gr.,1.13 €,https://www.petsonic.com/15072-large_default/feline-adult-salmon-85-gr-humedo.jpg
 Alpha Spirit Feline Adult Sterilised Pollo 85 Gr Húmedo 85 Gr.,1.13 €,https://www.petsonic.com/15073-large_default/feline-adult-sterilised-pollo-85-gr-humedo.jpg
 Alpha Spirit Feline Adult Sterilised Ternera 85 Gr Húmedo 85 Gr.,1.13 €,https://www.petsonic.com/15075-large_default/feline-adult-sterilised-ternera-85-gr-humedo.jpg
 Alpha Spirit Feline Adult Pavo y Frambuesas 85 Gr Húmedo 85 Gr.,1.13 €,https://www.petsonic.com/15076-large_default/feline-adult-pavo-frambubesas-85-gr-humedo.jpg
 Alpha Spirit Feline Adult Ternera con Melón 85 Gr Húmedo. 85 Gr.,1.13 €,https://www.petsonic.com/15077-large_default/feline-adult-ternera-melon-85-gr-humedo.jpg
 Alpha Spirit Feline Adult Pato y Kiwi 85 Gr Húmedo 85 Gr.,1.13 €,https://www.petsonic.com/15109-large_default/feline-adult-pato-kiwi-85-gr-humedo.jpg
 Alpha Spirit Feline Adult Pescado Blanco 85 Gr Húmedo 85 Gr.,1.13 €,https://www.petsonic.com/15108-large_default/feline-adult-pescado-blanco-85-gr-humedo.jpg
 Alpha Spirit Feline Adult Pato Sterilised 85 Gr Húmedo. 85 Gr.,1.13 €,https://www.petsonic.com/15110-large_default/feline-adult-pato-sterilised-85-gr-humedo.jpg
 Hills Feline Vitality +7 85 Gr Húmedo. Caja 12 Sobres,12.97 €,https://www.petsonic.com/15150-large_default/feline-vitality-7-85-gr-humedo.jpg
 True Instinct Feline Hight Meat Buey 70 Gr Húmedo filetes de buey con verduras para gatos 100% natural 1 Unidad.,1.12 €,https://www.petsonic.com/15339-large_default/comida-lata-para-gatos-true-instinct-true-instinc-feline-hight-meat-buey-70-gr-humedo.jpg
 True Instinct Feline Hight Meat Pavo 70 Gr Húmedo filetes de pavo con verduras para gatos 100% natural 70 Gr,1.12 €,https://www.petsonic.com/15344-large_default/comida-lata-para-gatos-true-instinct-true-instinc-feline-hight-meat-pavo-70-gr-humedo.jpg
 True Instinct Feline No Grain Pollo 70 Gr Húmedo. pate de pollo con verduras para gatos 100% natural 70 Grs,1.12 €,https://www.petsonic.com/15345-large_default/comida-lata-para-gatos-true-instinct-true-instinc-feline-no-grain-pollo-70-gr-humedo.jpg
 True Instinct Feline No Grain Buey 70 Gr Húmedo. pate de buey con verduras para gatos 100% natural 70 Grs,1.12 €,https://www.petsonic.com/15346-large_default/comida-lata-para-gatos-true-instinct-true-instinc-feline-no-grain-buey-70-gr-humedo.jpg
 Carnilove Kitten Salmón y Pavo latas de comida humeda para gatitos Salmon & Turkey 12 latas,17.06 €,https://www.petsonic.com/18098-large_default/comida-lata-para-gatos-carnilove-kitten-salmon-pavo-humedo.jpg
 Carnilove Pavo y Reno latas de comida humeda para gato Turkey & Reindeer 12x100grs,15.78 €,https://www.petsonic.com/18102-large_default/comida-lata-para-gatos-carnilove-pavo-reno-humedo.jpg
 Farmina ND Cat Ocean Pumpkin Kitten Bacalao comida húmeda para gatitos 12x80grs 12x80grs,19.29 €,https://www.petsonic.com/24176-large_default/farmina-nd-cat-ocean-pumpkin-kitten-bacalao-comida-humeda-para-gatitos-12x80grs.jpg
 Farmina ND Cat Ocean Atún y Bacalao comida húmeda para gatos 12x80grs 12x80grs,19.29 €,https://www.petsonic.com/24184-large_default/farmina-nd-cat-ocean-atun-y-bacalao-comida-humeda-para-gatos-12x80grs.jpg
