 Acana Acana Cachorros Razas Medianas pienso para cachorros puppy medium,2 Kg.,14.66 €,https://www.petsonic.com/8032-large_default/pienso-para-perros-acana-cachorros-razas-medianas.jpg
 Acana Acana Cachorros Razas Medianas pienso para cachorros puppy medium,6 Kg,30.15 €,https://www.petsonic.com/8032-large_default/pienso-para-perros-acana-cachorros-razas-medianas.jpg
 Acana Acana Cachorros Razas Medianas pienso para cachorros puppy medium,11.4 Kg.,48.97 €,https://www.petsonic.com/8032-large_default/pienso-para-perros-acana-cachorros-razas-medianas.jpg
 Acana Acana Cachorros Razas Medianas pienso para cachorros puppy medium,17 Kg,66.18 €,https://www.petsonic.com/8032-large_default/pienso-para-perros-acana-cachorros-razas-medianas.jpg
 Acana Acana Cachorro Razas Grandes pienso para cachorros puppy large,11.4 Kg.,49.85 €,https://www.petsonic.com/8031-large_default/pienso-para-perros-acana-cachorro-razas-grandes.jpg
 Acana Acana Cachorro Razas Grandes pienso para cachorros puppy large,17 Kg,69.02 €,https://www.petsonic.com/8031-large_default/pienso-para-perros-acana-cachorro-razas-grandes.jpg
 Acana Acana Cachorro Razas Grandes pienso para cachorros puppy large,Pack 2 x 11.4 Kg.,92.69 €,https://www.petsonic.com/8031-large_default/pienso-para-perros-acana-cachorro-razas-grandes.jpg
 Acana Acana Adulto Razas Pequeñas pienso perros adult small breed,2 Kg.,14.66 €,https://www.petsonic.com/8040-large_default/pienso-para-perros-acana-adulto-razas-pequenas.jpg
 Acana Acana Adulto Razas Pequeñas pienso perros adult small breed,6 Kg,30.15 €,https://www.petsonic.com/8040-large_default/pienso-para-perros-acana-adulto-razas-pequenas.jpg
 Acana Acana Cobb Chicken & Greens pienso para perros con pollo,2 Kg.,16.06 €,https://www.petsonic.com/8044-large_default/pienso-para-perros-acana-cobb-chicken-greens.jpg
 Acana Acana Cobb Chicken & Greens pienso para perros con pollo,6 Kg,34.98 €,https://www.petsonic.com/8044-large_default/pienso-para-perros-acana-cobb-chicken-greens.jpg
 Acana Acana Cobb Chicken & Greens pienso para perros con pollo,11.4 Kg.,50.05 €,https://www.petsonic.com/8044-large_default/pienso-para-perros-acana-cobb-chicken-greens.jpg
 Acana Acana Cobb Chicken & Greens pienso para perros con pollo,17 Kg,63.03 €,https://www.petsonic.com/8044-large_default/pienso-para-perros-acana-cobb-chicken-greens.jpg
 Acana Acana Adulto Razas Grandes pienso perros adult large breed,11.4 Kg.,48.97 €,https://www.petsonic.com/8039-large_default/pienso-para-perros-acana-adulto-razas-grandes.jpg
 Acana Acana Adulto Razas Grandes pienso perros adult large breed,17 Kg,66.18 €,https://www.petsonic.com/8039-large_default/pienso-para-perros-acana-adulto-razas-grandes.jpg
 Acana Acana Sport and Agility Alto en Proteínas pienso para perros muy activos,11.4 Kg.,49.85 €,https://www.petsonic.com/8042-large_default/pienso-para-perros-acana-sport-and-agility-alto-proteinas.jpg
 Acana Acana Sport and Agility Alto en Proteínas pienso para perros muy activos,17 Kg,69.02 €,https://www.petsonic.com/8042-large_default/pienso-para-perros-acana-sport-and-agility-alto-proteinas.jpg
 Acana Acana Light & Fit pienso para perros bajo en calorias,2 Kg.,14.66 €,https://www.petsonic.com/8036-large_default/pienso-para-perros-acana-light-fit.jpg
 Acana Acana Light & Fit pienso para perros bajo en calorias,6 Kg,30.15 €,https://www.petsonic.com/8036-large_default/pienso-para-perros-acana-light-fit.jpg
 Acana Acana Light & Fit pienso para perros bajo en calorias,11.4 Kg.,48.97 €,https://www.petsonic.com/8036-large_default/pienso-para-perros-acana-light-fit.jpg
 Acana Acana Senior Dog pienso para perros mayores,2 Kg.,14.66 €,https://www.petsonic.com/8041-large_default/pienso-para-perros-acana-senior-dog.jpg
 Acana Acana Senior Dog pienso para perros mayores,6 Kg,30.15 €,https://www.petsonic.com/8041-large_default/pienso-para-perros-acana-senior-dog.jpg
 Acana Acana Senior Dog pienso para perros mayores,11.4 Kg.,49.00 €,https://www.petsonic.com/8041-large_default/pienso-para-perros-acana-senior-dog.jpg
 Acana Acana Prairie Poultry para Perro pienso para perros,2 Kg.,13.21 €,https://www.petsonic.com/8934-large_default/pienso-para-perros-acana-prairie-poultry.jpg
 Acana Acana Prairie Poultry para Perro pienso para perros,6 Kg,27.78 €,https://www.petsonic.com/8934-large_default/pienso-para-perros-acana-prairie-poultry.jpg
 Acana Acana Prairie Poultry para Perro pienso para perros,11.4 Kg.,41.78 €,https://www.petsonic.com/8934-large_default/pienso-para-perros-acana-prairie-poultry.jpg
 Acana Acana Prairie Poultry para Perro pienso para perros,17 Kg,55.61 €,https://www.petsonic.com/8934-large_default/pienso-para-perros-acana-prairie-poultry.jpg
 Acana Acana Wild Coast para Perro pienso para perros con pescado,2 Kg.,14.48 €,https://www.petsonic.com/8935-large_default/pienso-para-perros-acana-wild-coast.jpg
 Acana Acana Wild Coast para Perro pienso para perros con pescado,6 Kg,30.61 €,https://www.petsonic.com/8935-large_default/pienso-para-perros-acana-wild-coast.jpg
 Acana Acana Wild Coast para Perro pienso para perros con pescado,11.4 Kg.,45.35 €,https://www.petsonic.com/8935-large_default/pienso-para-perros-acana-wild-coast.jpg
 Acana Acana Wild Coast para Perro pienso para perros con pescado,17 Kg,65.24 €,https://www.petsonic.com/8935-large_default/pienso-para-perros-acana-wild-coast.jpg
 Acana Acana Clasic Red para Perro adulto de todas las razas,2 Kg.,13.58 €,https://www.petsonic.com/8936-large_default/pienso-para-perros-acana-clasic-red.jpg
 Acana Acana Clasic Red para Perro adulto de todas las razas,6 Kg,29.73 €,https://www.petsonic.com/8936-large_default/pienso-para-perros-acana-clasic-red.jpg
 Acana Acana Clasic Red para Perro adulto de todas las razas,11.4 Kg.,44.47 €,https://www.petsonic.com/8936-large_default/pienso-para-perros-acana-clasic-red.jpg
 Acana Acana Clasic Red para Perro adulto de todas las razas,17 Kg,62.44 €,https://www.petsonic.com/8936-large_default/pienso-para-perros-acana-clasic-red.jpg
 Acana Acana Wild Prairie con Pollo pienso para perros adultos,2 Kg.,16.41 €,https://www.petsonic.com/10928-large_default/pienso-para-perros-acana-wild-prairie-pollo.jpg
 Acana Acana Wild Prairie con Pollo pienso para perros adultos,6 Kg,33.74 €,https://www.petsonic.com/10928-large_default/pienso-para-perros-acana-wild-prairie-pollo.jpg
 Acana Acana Wild Prairie con Pollo pienso para perros adultos,11.4 Kg.,56.98 €,https://www.petsonic.com/10928-large_default/pienso-para-perros-acana-wild-prairie-pollo.jpg
 Acana Acana Pacífica con Pescado pienso para perros,2 Kg.,17.31 €,https://www.petsonic.com/11108-large_default/pienso-para-perros-acana-pacifica-pescado.jpg
 Acana Acana Pacífica con Pescado pienso para perros,6 Kg,37.24 €,https://www.petsonic.com/11108-large_default/pienso-para-perros-acana-pacifica-pescado.jpg
 Acana Acana Pacífica con Pescado pienso para perros,11.4 Kg.,62.33 €,https://www.petsonic.com/11108-large_default/pienso-para-perros-acana-pacifica-pescado.jpg
 Acana Acana Grasslands con Cordero pienso para perros adultos,2 Kg.,18.23 €,https://www.petsonic.com/10926-large_default/pienso-para-perros-acana-grasslands-cordero.jpg
 Acana Acana Grasslands con Cordero pienso para perros adultos,6 Kg,39.98 €,https://www.petsonic.com/10926-large_default/pienso-para-perros-acana-grasslands-cordero.jpg
 Acana Acana Grasslands con Cordero pienso para perros adultos,11.4 Kg.,65.92 €,https://www.petsonic.com/10926-large_default/pienso-para-perros-acana-grasslands-cordero.jpg
 Acana Acana Ranchlands pienso para perros con ternera de nebraska,2 Kg.,19.15 €,https://www.petsonic.com/10929-large_default/pienso-para-perros-acana-ranchlands.jpg
 Acana Acana Ranchlands pienso para perros con ternera de nebraska,6 Kg,42.65 €,https://www.petsonic.com/10929-large_default/pienso-para-perros-acana-ranchlands.jpg
 Acana Acana Ranchlands pienso para perros con ternera de nebraska,11.4 Kg.,69.49 €,https://www.petsonic.com/10929-large_default/pienso-para-perros-acana-ranchlands.jpg
 Acana Acana Cordero y Manzana pienso para perros lamb & apple,2 Kg.,20.23 €,https://www.petsonic.com/10930-large_default/pienso-para-perros-acana-cordero-manzana.jpg
 Acana Acana Cordero y Manzana pienso para perros lamb & apple,6 Kg,37.32 €,https://www.petsonic.com/10930-large_default/pienso-para-perros-acana-cordero-manzana.jpg
 Acana Acana Cordero y Manzana pienso para perros lamb & apple,11.4 Kg.,62.12 €,https://www.petsonic.com/10930-large_default/pienso-para-perros-acana-cordero-manzana.jpg
 Acana Acana Cordero y Manzana pienso para perros lamb & apple,17 Kg,86.31 €,https://www.petsonic.com/10930-large_default/pienso-para-perros-acana-cordero-manzana.jpg
 Acana Acana Pacific Pilchard pienso para perros,2 Kg.,18.30 €,https://www.petsonic.com/15865-large_default/pienso-para-perros-acana-pacific-pilchard.jpg
 Acana Acana Pacific Pilchard pienso para perros,6 Kg,40.06 €,https://www.petsonic.com/15865-large_default/pienso-para-perros-acana-pacific-pilchard.jpg
 Acana Acana Pacific Pilchard pienso para perros,11.4 Kg.,65.69 €,https://www.petsonic.com/15865-large_default/pienso-para-perros-acana-pacific-pilchard.jpg
 Acana Acana Wild Praire con Pollo Gato pienso,"1,8 Kg.",17.29 €,https://www.petsonic.com/15180-large_default/pienso-para-gatos-acana-wild-praire-pollo.jpg
 Acana Acana Wild Praire con Pollo Gato pienso,4.5 Kg,36.89 €,https://www.petsonic.com/15180-large_default/pienso-para-gatos-acana-wild-praire-pollo.jpg
 Acana Acana Grasslands con Cordero Gato pienso lamb & rice,"1,8 Kg.",20.09 €,https://www.petsonic.com/15181-large_default/pienso-para-gatos-acana-grasslands-cordero.jpg
 Acana Acana Grasslands con Cordero Gato pienso lamb & rice,4.5 Kg,38.69 €,https://www.petsonic.com/15181-large_default/pienso-para-gatos-acana-grasslands-cordero.jpg
 Acana Acana Pacífica con Pescado para Gato pienso gatos adultos,"1,8 Kg.",20.09 €,https://www.petsonic.com/15182-large_default/pienso-para-gatos-acana-pacifica-pescado.jpg
 Acana Acana Pacífica con Pescado para Gato pienso gatos adultos,4.5 Kg,38.69 €,https://www.petsonic.com/15182-large_default/pienso-para-gatos-acana-pacifica-pescado.jpg
 Acana Acana Yorkshire Pork pienso para perros con cerdo de raza,6 Kg,33.80 €,https://www.petsonic.com/11893-large_default/pienso-para-perros-acana-yorkshire-pork.jpg
 Acana Acana Yorkshire Pork pienso para perros con cerdo de raza,11.4 Kg.,56.78 €,https://www.petsonic.com/11893-large_default/pienso-para-perros-acana-yorkshire-pork.jpg
 Acana Acana Treat Free Run Duck 35 gr premios ultra calidad para perros,1 Unidad.,5.55 €,https://www.petsonic.com/13837-large_default/treat-free-run-duck-35-gr.jpg
 Acana Acana Treat Grass-Fed Lamb 35 gr premios ultra calidad para perros,1 Unidad.,5.55 €,https://www.petsonic.com/13838-large_default/treat-grass-fed-lamb-35-gr.jpg
 Acana Acana Treat Yorkshire Pork 35 gr premios ultra calidad para perros,1 Unidad.,5.55 €,https://www.petsonic.com/13840-large_default/treat-yorkshire-pork-35-gr.jpg
 Acana Acana Ranchlands con Res para Gato pienso con ternera de nebraska,"1,8 Kg.",22.27 €,https://www.petsonic.com/16842-large_default/ranchlands-res-para-gato.jpg
 Acana Acana Ranchlands con Res para Gato pienso con ternera de nebraska,5.4 kg,48.44 €,https://www.petsonic.com/16842-large_default/ranchlands-res-para-gato.jpg
 Acana Acana Adult Dog pienso para perros adultos,2 Kg.,15.43 €,https://www.petsonic.com/18081-large_default/adult-dog.jpg
 Acana Acana Adult Dog pienso para perros adultos,6 Kg,33.09 €,https://www.petsonic.com/18081-large_default/adult-dog.jpg
 Acana Acana Adult Dog pienso para perros adultos,11.4 Kg.,49.96 €,https://www.petsonic.com/18081-large_default/adult-dog.jpg
 Acana Acana Adult Dog pienso para perros adultos,17 Kg,66.30 €,https://www.petsonic.com/18081-large_default/adult-dog.jpg
 Acana Acana Puppy Small Breed pienso para cachorros,2 Kg.,14.66 €,https://www.petsonic.com/8033-large_default/pienso-para-perros-acana-puppy-small-breed.jpg
 Acana Acana Puppy Small Breed pienso para cachorros,6 Kg,30.15 €,https://www.petsonic.com/8033-large_default/pienso-para-perros-acana-puppy-small-breed.jpg
